MPREC_ID,Registered,BallotsCast,Yes,No,Mail YES,Mail NO,In Person YES,In Person NO,TurnoutPct,YesPct,SwingIndex,CompositeScore,Tier,Rank,GeographyLevel,SheetName,ContestType
0001,4200,1717,1242,475,812,310,430,165,0.4088095238095238,0.7233546884100175,0.5,0.575817,2,3,NONE,Measure A,ballot_measure
0002,3875,1620,1037,583,725,385,312,198,0.4180645161290323,0.6401234567901235,0.5,0.541724,2,4,NONE,Measure A,ballot_measure
0003,5120,2260,1535,725,920,440,615,285,0.44140625,0.6792035398230089,0.5,0.592048,2,2,NONE,Measure A,ballot_measure
0004,2900,1230,790,440,510,280,280,160,0.4241379310344828,0.6422764227642277,0.5,0.521086,2,5,NONE,Measure A,ballot_measure
0005,6300,2700,1870,830,1150,520,720,310,0.42857142857142855,0.6925925925925925,0.5,0.620979,2,1,NONE,Measure A,ballot_measure
