MPREC_ID,Registered,BallotsCast,Mail JOHNSON,Mail CHEN,Mail RAMIREZ,In Person JOHNSON,In Person CHEN,In Person RAMIREZ,JOHNSON,CHEN,RAMIREZ,TurnoutPct,YesPct,SwingIndex,CompositeScore,Tier,Rank,GeographyLevel,SheetName,ContestType
0001,4200,1717,610,490,617,310,250,310,920,740,927,0.4088095238095238,,0.5,0.497643,3,3,NONE,DA Race,candidate_race
0002,3875,1620,520,430,670,260,220,320,780,650,990,0.4180645161290323,,0.5,0.492681,3,4,NONE,DA Race,candidate_race
0003,5120,2260,850,720,690,420,360,340,1270,1080,1030,0.44140625,,0.5,0.529327,2,2,NONE,DA Race,candidate_race
0004,2900,1230,380,280,450,195,142,233,575,422,683,0.4241379310344828,,0.5,0.471289,3,5,NONE,DA Race,candidate_race
0005,6300,2700,920,780,450,460,390,230,1380,1170,680,0.42857142857142855,,0.5,0.553571,2,1,NONE,DA Race,candidate_race
