MPREC_ID,Rank,Tier,CompositeScore,TurnoutPct,YesPct,SwingIndex,Registered,BallotsCast,GeographyLevel
0005,1,2,0.620979,0.42857142857142855,0.6925925925925925,0.5,6300,2700,NONE
0003,2,2,0.592048,0.44140625,0.6792035398230089,0.5,5120,2260,NONE
0001,3,2,0.575817,0.4088095238095238,0.7233546884100175,0.5,4200,1717,NONE
0002,4,2,0.541724,0.4180645161290323,0.6401234567901235,0.5,3875,1620,NONE
0004,5,2,0.521086,0.4241379310344828,0.6422764227642277,0.5,2900,1230,NONE
