program,budget,pct
Field Canvassing,60000,0.4
Mail,40000,0.26666666666666666
Digital,30000,0.2
Research,20000,0.13333333333333333
