feature,importance
partisan_tilt,0.944587032962341
turnout_rate,0.04609024957591758
is_measure,0.004016745982349031
is_midterm,0.0031620187561575046
is_local,0.0019697402945439133
is_presidential,0.00017421242869092383
