MPREC_ID,Rank,Tier,CompositeScore,TurnoutPct,YesPct,SwingIndex,Registered,BallotsCast,GeographyLevel
0005,1,2,0.553571,0.42857142857142855,,0.5,6300,2700,NONE
0003,2,2,0.529327,0.44140625,,0.5,5120,2260,NONE
0001,3,3,0.497643,0.4088095238095238,,0.5,4200,1717,NONE
0002,4,3,0.492681,0.4180645161290323,,0.5,3875,1620,NONE
0004,5,3,0.471289,0.4241379310344828,,0.5,2900,1230,NONE
